user_id,item_id
559,383
559,447
559,900
559,1002
1017,366
1017,416
1017,547
1017,699
1017,515
1224,341
1224,367
1224,1347
1224,1317
1224,873
1224,539
1224,721
1224,935
1224,942
1224,1262
1224,1310
457,334
457,382
457,375
457,415
457,835
457,931
457,935
457,1114
457,512
457,1093
457,1360
457,1124
457,1207
457,1218
457,1261
457,1264
457,1273
457,1291
457,1350
457,1351
1100,303
1100,328
1100,406
1100,401
1100,412
1100,417
1100,476
1100,537
1100,516
1100,550
1100,680
1100,640
1100,844
1100,1252
601,395
601,416
601,678
601,867
601,884
601,882
601,1166
601,1062
601,1064
601,1104
601,1063
601,1060
601,1061
601,1181
601,1162
601,1165
601,1168
601,1161
601,1160
601,1164
601,1167
155,612
155,1316
155,998
155,1213
143,289
143,375
143,395
143,443
143,437
143,444
143,1077
797,339
797,364
797,466
797,540
599,345
599,369
599,499
599,809
599,788
599,1017
540,627
540,673
540,425
540,824
540,794
540,655
540,863
540,643
540,926
540,936
540,722
540,879
540,818
540,915
540,901
540,929
540,934
540,977
540,932
540,928
540,967
540,931
540,1373
564,1126
564,1152
564,1275
683,569
683,917
683,1241
1159,343
1159,361
1159,592
1159,576
1159,773
1159,860
1159,308
1159,1059
1159,1096
317,608
317,775
317,636
317,830
317,874
317,1006
317,981
317,514
317,1066
317,1059
105,542
105,1103
105,1132
469,1100
469,1195
469,1179
469,1145
469,1296
944,681
944,893
944,887
944,308
944,891
944,954
944,983
944,801
944,988
907,305
907,920
907,1165
907,619
951,358
951,303
951,344
951,384
951,376
951,289
951,417
951,339
951,368
951,419
951,394
951,556
951,491
951,709
951,791
951,749
951,742
951,758
951,750
951,818
951,534
951,905
951,453
951,936
951,539
951,913
951,934
951,737
951,870
951,695
951,875
951,911
951,696
951,771
951,869
951,864
951,801
951,967
951,484
951,921
951,815
951,933
951,1046
951,1085
951,1107
951,1127
951,1178
951,1155
951,827
951,1209
951,1204
951,1370
951,1256
951,1251
951,1252
951,1326
951,1337
951,1296
224,606
224,576
224,430
224,803
224,999
224,1136
703,330
703,548
703,709
703,534
703,898
703,1201
711,1317
711,1038
711,1203
292,629
292,821
292,915
292,981
292,827
292,1313
292,1357
568,1038
568,1256
568,1303
568,1307
568,1320
658,417
658,479
658,577
658,816
658,871
658,760
658,688
658,297
658,513
658,806
658,801
658,1077
311,588
311,947
311,934
311,932
311,859
311,583
311,1028
311,1188
508,326
508,543
508,974
508,1090
258,478
258,427
258,461
258,684
258,475
258,694
258,648
258,971
258,1284
880,824
880,1028
880,1128
428,762
428,729
428,932
428,1200
428,1349
130,399
130,775
130,714
130,769
130,884
130,890
130,969
130,294
130,1146
130,1306
130,1145
130,1141
130,1355
130,1344
1010,547
1010,764
1010,966
1010,1113
1010,1360
1010,1207
86,544
86,613
86,741
86,924
1209,979
1209,959
1209,902
1209,957
1209,1311
1209,1303
1209,1331
1127,324
1127,403
1127,378
1127,309
1127,476
1127,478
1127,616
1127,607
1127,689
1127,1193
477,671
477,734
477,914
477,722
477,890
477,969
477,951
616,889
616,812
616,1358
1027,790
1027,792
1027,931
1027,935
1027,1296
106,248
106,335
106,406
106,527
106,532
106,709
106,962
1053,55
1053,584
1053,1075
1053,1163
1053,1294
935,414
935,452
935,440
935,475
935,455
935,529
935,526
935,551
935,559
935,694
935,645
935,785
935,900
935,736
935,539
935,971
935,1027
670,360
670,359
670,385
670,384
670,412
670,416
670,441
670,312
670,446
670,477
670,372
670,489
670,501
670,522
670,456
670,538
670,508
670,587
670,386
670,618
670,581
670,666
670,547
670,457
670,680
670,575
670,802
670,831
670,825
670,854
670,749
670,853
670,505
670,882
670,746
670,699
670,297
670,947
670,1316
670,934
670,954
670,973
670,984
670,962
670,951
670,986
670,931
670,1002
670,988
670,877
670,970
670,987
670,975
670,1062
1005,577
1005,457
1005,650
1005,768
1005,871
1005,840
1005,731
1005,870
1005,897
1005,1068
1005,961
1005,1304
1005,1371
1005,1138
1005,1219
1005,1358
1005,1246
1005,1278
1005,1313
1058,125
1058,178
1058,225
10,768
10,1075
10,1183
10,1058
10,1056
10,1189
10,1186
10,1212
10,1213
10,1220
10,1222
10,1273
10,1244
10,1245
10,1291
10,1284
1233,823
1233,826
1233,975
260,796
260,1002
260,806
260,1028
1256,508
1256,558
1256,616
1256,797
1256,1141
18,392
18,532
18,474
18,566
18,694
18,676
18,700
18,793
18,780
18,736
18,755
18,884
18,977
18,989
18,1036
18,1138
18,1150
18,1099
18,1233
18,1242
863,313
863,426
863,791
863,1181
863,1325
35,793
35,1009
35,1158
35,1185
35,1329
135,485
135,604
135,721
135,1001
135,677
135,1235
640,520
640,587
640,545
640,557
640,737
748,448
748,422
748,595
748,592
748,520
748,586
748,550
748,638
748,706
748,837
748,927
325,731
325,1023
325,1340
1236,561
1236,459
1236,702
1236,636
1236,635
1236,664
1236,802
1236,588
1236,937
1236,758
1236,643
1236,859
1236,986
1236,932
1236,815
1097,422
1097,593
1097,980
586,701
586,677
586,1181
297,592
297,764
297,887
297,955
297,1032
297,1121
297,1043
23,434
23,477
23,519
23,492
23,459
23,666
23,521
23,669
23,639
23,652
23,698
23,753
23,834
790,486
790,673
790,489
790,1270
790,1254
790,1278
111,102
111,851
111,1297
1161,461
1161,636
1161,792
1161,495
1161,805
1161,829
1161,922
1161,826
1161,740
1161,1206
1161,1237
1161,1349
521,335
521,389
521,374
521,399
521,419
521,375
521,327
521,330
521,498
521,1336
521,309
521,490
521,974
521,978
399,525
399,594
399,566
399,386
399,668
399,781
399,721
982,352
982,403
982,406
982,381
982,419
982,405
982,384
982,412
982,444
982,532
982,489
982,566
982,407
982,492
982,543
982,610
982,458
982,676
982,830
982,794
982,785
982,788
982,721
982,738
982,886
982,917
982,919
982,921
982,1004
982,997
982,1120
982,1116
982,1230
982,1257
982,1218
982,1219
982,1278
982,1295
982,1315
1205,684
1205,686
1205,873
1205,1310
664,422
664,744
664,905
664,997
664,1131
664,1170
664,1244
196,516
196,502
196,536
196,561
196,576
196,641
196,631
196,930
196,958
196,1251
196,1360
196,1357
1170,1025
1170,996
1170,597
1170,1196
522,605
522,837
522,759
522,699
522,761
522,883
522,355
1116,530
1116,508
1116,714
1116,939
1116,671
707,526
707,556
707,474
707,519
707,561
707,554
707,563
707,774
707,663
707,820
707,727
707,853
707,843
707,696
707,690
707,912
707,637
707,924
707,310
707,955
707,974
707,1024
707,1008
707,1085
767,585
767,629
767,626
767,813
767,868
767,939
767,596
767,194
767,812
1068,477
1068,1003
1068,1064
1068,1070
1068,1312
1068,1293
960,510
960,588
960,1138
960,1262
960,1353
960,1277
960,1315
356,617
356,474
356,839
356,886
356,310
356,978
356,812
356,1008
356,1090
356,512
356,827
356,1182
995,314
995,316
995,315
995,317
995,338
995,346
995,332
995,385
995,375
995,558
995,574
995,703
995,644
995,796
995,717
995,723
995,719
995,939
995,844
995,623
995,555
995,998
995,999
995,877
995,514
995,1204
995,1323
1022,543
1022,592
1022,577
1022,386
1022,660
1022,686
1022,470
1022,784
1022,772
1022,310
1022,858
967,336
967,394
967,426
967,438
967,456
967,545
967,626
967,768
967,789
967,853
967,766
967,772
967,963
967,1020
967,1151
967,1171
967,1197
228,602
228,634
228,471
228,881
228,895
228,892
228,470
228,932
228,966
228,1019
228,1022
228,1117
228,1114
228,512
228,1092
228,1220
228,1274
228,1327
228,1369
715,324
715,346
715,452
715,445
715,608
715,686
715,708
715,773
715,834
715,1002
715,1300
329,562
329,459
329,636
329,802
329,873
329,976
329,927
329,981
329,1251
329,1277
118,86
118,84
118,113
118,108
118,83
118,77
118,30
118,106
851,356
851,487
851,456
851,580
851,1199
970,1086
970,1136
970,1304
970,1244
970,1254
262,347
262,537
262,370
262,577
262,682
262,868
262,696
262,991
262,890
262,968
262,1070
262,1099
262,1135
262,1320
262,1338
262,1350
185,1087
185,1103
185,1216
185,1211
185,1257
185,1246
185,1291
185,1344
663,402
663,400
663,463
1204,1057
1204,1175
1204,1197
1204,1368
302,319
302,318
302,342
302,341
302,376
302,403
302,377
302,401
302,398
302,399
302,404
302,445
302,427
302,480
302,500
302,466
302,468
302,498
302,483
302,489
302,456
302,517
302,493
302,537
302,551
302,407
302,580
302,566
302,474
302,586
302,618
302,691
302,458
302,608
302,658
302,694
302,429
302,639
302,663
302,709
302,716
302,636
302,837
302,808
302,777
302,773
302,662
302,821
302,472
302,814
302,699
302,898
302,755
302,879
302,844
302,906
302,929
302,470
302,941
302,892
302,943
302,946
302,496
302,962
302,583
302,1004
302,1006
302,989
302,1011
302,1035
302,1074
302,1036
302,1120
302,1091
302,515
302,595
302,1177
302,1212
302,1361
302,1363
302,1276
302,1300
302,1246
685,401
685,526
685,390
685,623
685,836
685,726
685,964
685,877
685,1110
685,1104
685,1365
937,394
937,431
937,437
937,478
937,444
937,864
937,999
937,948
937,677
937,1279
0,349
0,348
0,361
639,292
639,315
639,320
639,299
639,328
639,1320
639,1309
1195,1100
1195,506
1195,1324
394,891
394,1003
394,899
394,308
394,194
394,1084
394,1113
846,313
846,388
846,563
846,575
690,527
690,561
690,545
690,683
690,874
690,939
690,731
690,241
690,891
1248,415
1248,447
1248,504
1248,518
1248,586
1248,691
1248,702
1248,1005
1248,1037
46,154
46,204
46,234
655,528
655,538
655,629
655,642
655,800
655,961
655,1097
655,924
867,666
867,572
867,570
867,622
867,868
867,761
506,567
506,561
506,981
45,522
45,456
45,633
757,572
757,511
757,775
1126,501
1126,1317
1126,528
1126,579
1126,434
1126,540
1126,491
1126,571
1126,612
1126,552
1126,511
1126,620
1126,691
1126,692
1126,813
1126,764
1126,791
1126,793
1126,814
1126,857
1126,837
1126,771
925,1367
925,477
925,525
925,570
925,459
925,663
925,641
925,582
925,753
925,830
925,715
862,426
862,389
862,442
862,327
862,445
862,626
862,871
862,770
862,965
862,1077
531,516
531,540
531,564
531,616
531,582
531,752
531,717
531,767
531,753
531,306
1039,250
1039,186
1039,196
1193,80
1193,61
1193,94
1152,350
1152,443
1152,456
1152,888
270,850
270,938
270,991
270,1227
270,1298
899,988
899,1022
899,1014
899,1112
899,1127
899,1130
899,1067
899,1149
899,1087
899,1354
1084,696
1084,879
1084,902
149,302
149,316
149,317
149,320
149,334
149,339
149,361
149,353
149,420
149,421
149,393
149,451
149,787
149,691
149,836
149,541
149,869
149,952
149,872
149,484
149,294
94,80
94,178
94,4
1184,1130
1184,1065
1184,1212
433,531
433,592
433,432
433,664
433,654
433,773
433,897
643,666
643,550
643,774
643,712
643,885
643,306
643,880
643,936
643,750
643,304
643,818
643,297
643,899
643,955
643,959
643,688
643,869
643,960
643,862
643,484
643,968
643,846
643,1044
643,1011
643,1178
643,1204
643,935
643,1146
643,1145
643,1141
643,1140
643,1258
643,1343
250,750
250,693
250,836
187,675
187,513
187,355
187,1110
187,1082
884,595
884,380
884,566
884,547
884,572
743,592
743,645
743,965
743,984
495,546
495,683
495,813
495,1037
50,667
50,704
50,711
50,999
50,1092
245,83
245,268
245,93
1060,3
1060,66
1060,157
1060,129
600,1090
600,1251
600,1315
600,1328
1264,543
1264,679
1264,430
648,153
648,173
648,995
998,64
998,234
998,175
1090,350
1090,474
1090,307
1090,1352
405,234
405,163
405,93
405,169
405,111
459,78
459,106
459,79
172,107
172,151
172,101
447,196
447,186
447,325
787,473
787,1317
787,975
787,1208
787,1281
787,1366
1052,362
1052,536
1052,794
773,721
773,965
773,1041
773,1151
773,1170
773,1217
709,629
709,751
709,850
712,345
712,774
712,775
712,1180
1266,168
1266,79
1266,111
1266,154
1266,93
923,1341
923,82
923,234
125,556
125,911
125,513
125,1032
1250,775
1250,593
1250,527
1250,1020
1250,1021
1250,1081
278,1038
278,1082
278,1224
812,578
812,572
812,544
812,692
812,1080
174,559
174,613
174,593
174,540
574,455
574,561
574,459
574,704
574,607
574,652
574,779
1176,218
1176,214
1176,278
1176,1076
1160,497
1160,467
1160,888
497,965
497,1190
497,1197
497,1304
91,464
91,675
91,306
731,683
731,795
731,999
731,1115
1021,684
1021,458
1021,659
1021,555
1021,1151
1021,1129
1021,1364
1021,1282
422,320
422,319
422,336
422,379
422,459
422,728
422,821
422,991
422,962
422,998
422,1068
422,1071
422,1295
237,338
237,377
237,730
386,605
386,503
386,370
386,557
386,1336
386,615
386,768
386,668
573,707
573,632
573,1373
573,1369
493,441
493,464
493,475
493,540
493,934
493,1003
493,1191
1201,102
1201,196
1201,252
672,236
672,197
672,232
672,263
672,994
750,524
750,763
750,789
750,721
750,742
750,917
592,488
592,1091
592,515
820,335
820,414
820,509
820,413
820,410
141,348
141,367
141,476
141,559
1251,636
1251,705
1251,847
214,894
214,986
214,1017
214,1138
1231,428
1231,745
1231,968
1231,1202
1231,1348
577,601
577,640
577,841
577,1004
577,1030
385,287
385,350
385,354
385,373
385,377
385,1347
385,537
385,524
385,877
385,916
385,1179
385,1180
385,506
385,1194
385,649
372,382
372,392
372,439
372,757
372,802
372,755
372,844
968,56
968,30
968,177
968,269
926,564
926,422
926,907
306,399
306,564
306,816
131,373
131,418
131,444
131,1353
986,566
986,606
986,705
986,938
986,788
986,729
986,898
986,883
986,1004
986,1235
986,1241
819,519
819,326
819,923
819,653
819,681
819,911
819,1285
819,878
1247,388
1247,423
1247,698
1247,696
1247,864
1247,1353
652,473
652,475
652,655
652,1137
322,52
322,33
322,10
638,651
638,753
638,712
638,773
638,710
638,662
847,552
847,970
847,685
847,707
847,577
264,745
264,878
264,251
264,836
264,721
264,872
264,1051
264,942
264,1135
264,1040
264,1370
264,1312
264,1046
871,884
871,453
871,888
871,921
484,999
484,677
484,1185
484,1236
675,248
675,478
675,509
675,535
675,566
675,599
675,614
675,620
675,636
675,713
675,839
675,963
675,1005
675,1007
675,1190
675,1218
675,1281
542,465
542,468
542,326
542,591
542,546
542,545
542,659
542,657
542,575
542,868
542,779
542,833
542,844
542,814
542,293
542,953
1032,357
1032,359
1032,376
1254,94
1254,77
1254,81
684,775
684,830
684,852
684,871
684,747
684,867
684,879
684,949
684,1053
669,62
669,64
669,110
669,76
314,460
314,627
314,647
314,848
314,749
314,853
314,855
314,939
314,810
392,559
392,510
392,768
392,1293
1074,1188
1074,1274
1074,1265
1074,1363
1074,1294
1074,1358
1074,1321
122,442
122,1264
122,1314
869,724
869,1106
869,1262
1206,365
1206,1184
1206,1283
637,318
637,336
637,333
138,1165
138,1175
138,756
138,1281
138,1322
678,313
678,439
678,479
678,588
678,718
678,920
13,392
13,527
13,774
13,672
13,755
13,1003
225,343
225,376
225,482
225,469
225,577
225,894
225,950
225,859
225,1370
225,1140
347,709
347,820
347,823
988,656
988,755
988,938
988,921
988,981
735,313
735,417
735,465
735,624
735,706
735,895
755,422
755,461
755,509
755,326
755,783
755,310
755,631
755,927
755,1311
618,289
618,406
618,426
618,437
618,443
618,410
618,414
618,425
618,310
618,965
618,637
618,994
618,931
618,981
618,1031
618,1118
618,1125
618,1307
618,1362
849,1068
849,1063
849,1211
849,1281
849,1292
1252,1144
1252,1345
1252,1339
565,102
565,197
565,43
565,315
832,314
832,406
832,1000
832,1354
890,63
890,69
890,995
1178,300
1178,1281
1178,1245
1117,83
1117,91
1117,81
1117,82
1117,89
1117,121
1117,233
184,338
184,473
184,444
184,641
184,1351
184,1357
251,502
251,1130
251,1231
1271,672
1271,470
1271,1112
1271,1248
44,248
44,401
44,462
44,463
44,839
44,625
44,865
44,1139
315,301
315,385
315,413
315,777
315,475
340,234
340,85
340,149
340,291
286,111
286,79
286,153
572,36
572,116
572,158
49,1176
49,1289
49,1304
1035,1220
1035,1197
1035,1278
1035,1318
1146,460
1146,689
1146,836
1146,935
1146,305
520,59
520,243
520,193
520,138
520,181
288,102
288,203
288,205
288,93
288,199
37,93
37,190
37,76
1066,864
1066,1009
1066,695
12,538
12,868
12,1017
12,1070
361,205
361,133
361,130
128,633
128,665
128,709
128,762
128,825
128,861
128,843
128,747
128,766
128,769
128,1212
128,1278
128,1293
128,1289
815,570
815,547
815,581
815,611
815,425
815,1285
1274,266
1274,268
1274,57
922,330
922,564
922,645
922,459
922,429
806,729
806,843
806,471
806,903
806,885
806,889
82,526
82,457
82,757
82,967
82,1089
82,1142
82,1037
82,1125
507,91
507,183
507,99
330,36
330,157
330,195
330,138
485,559
485,610
485,675
485,708
485,785
1165,300
1165,332
1165,347
1165,368
391,248
391,300
391,349
391,389
391,375
391,431
391,1347
391,478
391,403
391,400
391,577
391,1367
391,639
391,640
391,654
391,705
391,850
391,946
230,75
230,247
230,25
1111,833
1111,784
1111,817
29,579
29,544
29,646
29,686
29,740
29,1103
29,1037
736,679
736,682
736,852
736,854
736,738
736,934
736,962
736,512
736,1132
940,630
940,704
940,742
940,718
47,527
47,963
47,1175
47,1081
938,322
938,363
938,358
938,369
938,372
938,393
938,368
938,379
938,469
938,391
938,517
938,590
938,604
938,571
938,561
938,913
687,350
687,478
687,865
947,1107
947,1111
947,1244
947,1276
947,1252
1101,1103
1101,1102
1101,512
1101,1126
1101,1087
1101,1091
1073,102
1073,65
1073,167
1004,133
1004,124
1004,211
694,46
694,39
694,47
694,44
694,147
939,975
939,1077
939,514
939,1071
804,63
804,147
804,39
804,47
804,162
804,104
804,176
309,1088
309,1373
309,1343
59,111
59,90
59,137
747,1334
747,706
747,868
747,1071
747,1364
747,1332
538,449
538,310
538,1063
1014,169
1014,165
1014,82
1014,106
1014,78
1014,236
1014,199
1014,196
1014,253
1014,185
789,629
789,798
789,640
789,1143
789,663
789,1212
789,1261
1095,342
1095,774
1095,1204
1095,1305
1141,311
1141,401
1141,405
1141,450
1141,476
1141,493
1141,537
1141,775
1141,847
1141,1238
232,386
232,566
232,481
232,562
232,712
232,769
232,866
232,906
945,874
945,693
945,1294
945,1301
102,953
102,597
102,1010
646,543
646,741
646,471
242,54
242,32
242,51
242,50
702,605
702,559
702,545
702,552
702,642
702,639
702,653
702,751
702,748
702,817
702,765
702,713
702,706
702,794
702,785
702,778
702,767
702,738
702,867
702,505
702,895
702,1005
702,982
702,975
702,1074
702,1279
441,39
441,44
441,37
404,559
404,654
404,768
404,700
679,473
679,478
679,1226
679,1309
793,852
793,777
793,858
793,894
793,822
793,961
793,1067
793,1360
793,1124
793,1249
793,1329
611,540
611,625
611,1237
1006,184
1006,187
1006,186
345,462
345,543
345,592
345,540
345,806
503,973
503,1118
503,1086
17,533
17,671
17,1155
3,133
3,34
3,24
788,108
788,89
788,144
479,1023
479,1095
479,1132
629,1086
629,740
629,754
431,561
431,906
431,894
70,1072
70,1073
70,1291
165,234
165,185
165,85
165,83
388,1337
388,1343
388,1335
1151,22
1151,58
1151,40
440,112
440,111
440,81
440,136
440,127
440,77
932,138
932,96
932,83
932,171
932,108
33,150
33,114
33,267
33,227
33,387
778,246
778,269
778,272
334,106
334,90
334,88
1243,51
1243,101
1243,32
841,272
841,325
841,83
1024,352
1024,383
1024,462
1024,515
1024,1310
132,1209
132,1371
132,1327
132,1318
657,600
657,554
657,602
657,601
657,959
657,307
657,548
1081,463
1081,675
1081,786
1081,698
1081,706
1081,764
1081,922
1128,336
1128,985
1128,1311
438,574
438,744
438,1170
88,347
88,358
88,289
88,973
88,1079
88,1208
88,1140
435,1130
435,1139
435,1212
435,1236
435,1264
435,1281
435,1319
266,1336
266,612
266,591
688,391
688,390
688,652
688,665
688,1096
272,809
272,939
272,784
272,718
233,346
233,402
233,868
233,880
233,194
233,241
233,992
233,1203
310,196
310,211
310,195
465,600
465,609
465,830
465,661
835,233
835,168
835,167
674,589
674,776
674,875
716,239
716,26
716,146
716,221
716,280
716,250
1113,476
1113,528
1113,1001
136,710
136,740
136,963
728,535
728,595
728,563
728,852
728,850
728,555
728,1360
728,1249
350,302
350,480
350,473
350,312
350,467
350,455
350,558
350,678
350,776
350,1121
530,11
530,169
530,154
530,81
530,291
749,1211
749,1212
749,1304
434,75
434,99
434,82
414,41
414,39
414,40
26,77
26,76
26,80
26,143
166,621
166,634
166,762
166,825
1202,169
1202,154
1202,101
1202,113
1202,245
1202,77
1202,94
1202,164
725,94
725,199
725,234
248,317
248,970
248,967
248,851
238,76
238,77
238,170
238,173
554,8
554,16
554,108
58,163
58,115
58,82
58,79
58,81
58,203
421,1013
421,1039
421,1135
421,1045
1182,1059
1182,1101
1182,1128
65,303
65,840
65,1363
589,1316
589,725
589,962
589,1142
589,1087
680,775
680,1170
680,879
680,957
673,1010
673,1210
673,1173
19,196
19,211
19,244
739,595
739,743
739,981
566,655
566,859
566,932
566,1091
566,1095
566,1092
335,483
335,559
335,538
1249,1163
1249,1186
1249,845
201,111
201,148
201,169
320,153
320,81
320,203
378,566
378,1006
378,989
378,1001
1242,605
1242,588
1242,907
1242,941
1242,954
1242,1285
1242,823
1242,975
1242,1297
825,144
825,207
825,189
825,196
825,272
462,239
462,252
462,266
462,225
983,670
983,624
983,791
983,1002
1134,240
1134,186
1134,4
1134,189
277,487
277,629
277,623
529,770
529,841
529,950
529,964
529,1308
765,127
765,206
765,150
213,718
213,1077
213,1333
489,81
489,82
489,995
921,545
921,460
921,1317
921,774
921,895
602,518
602,527
602,820
1197,591
1197,560
1197,571
1197,567
1197,863
1197,637
1197,649
1197,951
407,566
407,544
407,667
407,1125
259,727
259,734
259,999
632,538
632,543
632,809
632,760
282,167
282,8
282,28
60,369
60,395
60,372
60,368
60,418
60,580
60,626
60,694
1265,957
1265,975
1265,1052
182,322
182,346
182,523
182,756
182,1062
38,89
38,262
38,199
737,348
737,394
737,373
737,730
547,435
547,693
547,681
561,167
561,94
561,102
561,77
561,93
561,108
561,111
561,153
561,161
30,1108
30,1371
30,1197
30,1240
30,1279
598,1138
598,1129
598,1144
802,408
802,561
802,629
802,830
802,1001
802,1131
802,1327
1153,1059
1153,1045
1153,1035
1153,1153
1153,1175
1153,1204
1153,1223
1153,1146
1153,1226
1153,1228
1153,1308
1153,1266
1153,1281
1153,1298
1153,1302
1153,1323
1153,1326
1153,1346
1153,1335
7,81
7,205
7,204
1263,1334
1263,225
1263,222
1263,99
1263,94
1263,243
1091,503
1091,626
1091,752
1091,1125
898,512
898,1272
898,1301
977,276
977,186
977,266
66,1119
66,1162
66,1169
66,1122
318,1336
318,605
318,684
318,557
318,626
1037,58
1037,40
1037,88
1037,22
1037,16
1037,182
848,948
848,931
848,994
848,960
848,1147
848,507
848,1058
1192,1132
1192,1149
1192,1249
1192,1247
1192,1325
11,1088
11,555
11,1087
11,1219
11,1330
1180,101
1180,76
1180,102
1180,149
698,677
698,1292
698,1320
331,106
331,25
331,202
331,94
454,363
454,564
454,1067
855,1026
855,1025
855,1215
544,73
544,5
544,78
544,25
544,221
255,177
255,176
255,68
1050,48
1050,199
1050,89
1121,340
1121,382
1121,939
1121,991
1121,472
1121,1081
1121,1137
699,1088
699,1196
699,515
699,1267
107,591
107,669
107,407
107,1003
472,1317
472,587
472,538
472,521
472,241
472,740
724,564
724,789
724,1316
226,758
226,743
226,740
1223,1038
1223,1028
1223,1195
429,532
429,590
429,972
429,1047
373,577
373,613
373,904
373,1125
341,149
341,89
341,111
341,163
341,205
341,296
267,861
267,396
267,504
267,852
110,941
110,1360
110,1152
110,1249
525,111
525,234
525,154
486,145
486,196
486,225
234,1115
234,1078
234,1095
830,577
830,636
830,652
830,562
830,667
830,701
830,852
830,881
830,598
830,828
830,733
830,991
830,893
830,937
229,570
229,786
229,768
256,579
256,669
256,705
1092,578
1092,331
1092,1071
206,395
206,380
206,374
206,1081
866,102
866,84
866,234
1069,94
1069,95
1069,203
1069,262
276,180
276,212
276,90
557,104
557,118
557,133
775,21
775,75
775,119
775,237
775,253
775,185
536,1263
536,1332
536,1324
758,544
758,729
758,916
338,976
338,1053
338,1274
827,165
827,115
827,112
527,1217
527,1143
527,1186
527,1294
1120,103
1120,130
1120,59
1120,182
1062,200
1062,252
1062,1
1062,225
1062,220
120,12
120,91
120,202
695,54
695,53
695,32
190,196
190,186
190,83
666,770
666,884
666,472
666,741
666,1006
666,1027
666,1011
666,555
426,333
426,901
426,847
97,115
97,94
97,84
215,201
215,433
215,239
1082,586
1082,695
1082,1185
614,1171
614,1239
614,1246
401,403
401,381
401,391
401,975
1028,479
1028,475
1028,497
1028,540
1028,561
1028,796
1028,789
1028,1003
771,909
771,1128
771,1234
349,1357
349,1366
349,1368
98,113
98,43
98,84
98,83
98,77
1051,247
1051,154
1051,203
875,94
875,163
875,82
997,96
997,66
997,110
997,76
997,155
997,151
997,247
1258,94
1258,143
1258,74
647,94
647,164
647,246
763,517
763,575
763,1002
763,1214
816,147
816,67
816,102
1208,501
1208,518
1208,465
1208,516
1208,490
1208,535
1208,571
1208,557
1208,685
1208,652
1208,715
1208,868
1208,773
1208,663
1208,658
1208,680
1208,837
1208,855
1208,1345
1106,240
1106,9
1106,114
1106,105
1106,204
1106,205
1106,142
1106,56
759,105
759,120
759,56
85,477
85,755
85,905
85,800
85,649
911,212
911,173
911,151
911,234
1033,806
1033,1029
1033,1158
1034,1255
1034,1297
1034,1339
958,338
958,1282
958,1338
1046,667
1046,553
1046,640
1046,310
1125,292
1125,446
1125,573
1125,753
1125,1179
1125,1195
1125,1221
188,604
188,521
188,608
188,613
188,836
188,961
188,1041
188,1015
188,1087
188,1131
920,1075
920,1186
920,1049
801,17
801,79
801,170
644,1031
644,515
644,1058
644,1230
1029,1097
1029,1213
1029,1279
1244,587
1244,541
1244,251
1244,899
362,709
362,762
362,708
362,849
362,753
362,785
362,937
362,726
362,866
362,797
362,945
362,964
362,1002
362,1015
362,1047
362,1070
362,1036
362,1371
362,1310
362,1319
362,1338
183,350
183,685
183,708
183,1159
183,1166
183,1281
1166,213
1166,275
1166,285
1166,279
1166,256
380,168
380,250
380,70
380,134
380,197
366,22
366,149
366,186
1065,591
1065,654
1065,679
1065,825
1065,931
1065,994
1065,1038
990,120
990,162
990,32
800,680
800,980
800,1051
1064,47
1064,38
1064,37
1064,39
784,258
784,129
784,188
837,811
837,941
837,1005
1042,66
1042,149
1042,154
1042,1341
976,367
976,532
976,435
1246,136
1246,94
1246,184
779,36
779,26
779,7
253,90
253,88
253,77
1194,197
1194,201
1194,128
1259,359
1259,609
1259,778
197,485
197,486
197,396
197,499
197,524
197,472
197,743
487,166
487,111
487,81
300,570
300,575
300,675
300,660
300,997
300,664
458,500
458,397
458,557
458,678
261,785
261,867
261,940
261,949
261,964
734,512
734,1230
734,1275
1217,1362
1217,1156
1217,1281
1217,1294
303,1079
303,1170
303,1232
814,227
814,78
814,154
203,81
203,78
203,77
615,186
615,193
615,231
769,630
769,852
769,758
769,829
769,932
769,908
769,1042
769,1040
769,1087
769,1075
769,1176
693,199
693,221
693,210
133,371
133,490
133,718
133,912
930,360
930,393
930,716
551,76
551,77
551,115
551,74
551,90
551,187
551,244
1000,57
1000,0
1000,237
1000,150
1000,200
1000,276
1000,329
430,585
430,635
430,1102
985,425
985,1097
985,756
985,1361
1200,488
1200,850
1200,635
676,336
676,339
676,1034
327,500
327,470
327,793
327,883
327,901
327,754
327,972
610,321
610,400
610,1210
934,351
934,482
934,396
145,491
145,753
145,789
145,937
145,293
15,253
15,245
15,34
1179,100
1179,110
1179,90
99,83
99,94
99,75
99,84
99,99
236,580
236,930
236,820
236,1328
726,211
726,200
726,222
192,1213
192,1264
192,1259
231,1266
231,972
231,1349
569,340
569,377
569,1026
569,996
776,248
776,324
776,337
776,400
776,487
776,447
776,476
776,500
776,906
776,1235
323,134
323,122
323,196
452,223
452,121
452,104
452,232
452,195
452,263
999,283
999,271
999,280
999,242
999,174
877,546
877,494
877,929
877,885
877,893
877,943
877,973
620,508
620,606
620,581
620,577
620,546
620,753
620,804
620,770
620,755
620,991
1070,493
1070,535
1070,561
1070,371
1070,593
1070,551
1070,576
1070,386
1070,653
1070,636
1070,680
1070,834
1070,794
1070,809
1070,739
1070,761
1070,814
1070,918
1070,946
1070,1064
1070,1177
1070,1037
660,470
660,744
660,959
660,1231
660,1307
931,1239
931,1288
931,1301
61,83
61,77
61,146
889,1038
889,1026
889,705
991,399
991,365
991,479
991,648
991,848
991,883
991,1039
413,1126
413,1119
413,1268
413,1299
413,1265
413,1238
445,301
445,521
445,904
955,347
955,341
955,364
955,366
955,383
955,426
955,449
955,594
955,547
955,581
955,735
955,749
955,765
955,693
955,696
955,861
955,873
955,898
955,984
1124,1131
1124,1168
1124,1188
1124,1143
1124,1361
1124,1219
1124,1304
1124,1280
1124,1236
1124,1239
1124,1289
892,398
892,379
892,1296
308,1115
308,1124
308,1209
308,1224
308,1361
1168,574
1168,723
1168,893
1168,693
1169,340
1169,444
1169,1170
686,816
686,804
686,755
1156,540
1156,693
1156,879
1156,991
1156,966
1156,999
1156,1087
1156,1125
1156,1165
1156,1318
1156,1322
876,668
876,752
876,825
876,866
876,979
667,168
667,24
667,196
312,211
312,220
312,182
312,283
312,200
312,150
312,187
312,117
312,122
475,345
475,371
475,390
475,666
475,522
204,115
204,74
204,79
204,82
449,581
449,660
449,736
449,720
449,932
449,1104
953,264
953,220
953,127
498,563
498,778
498,886
498,304
936,1114
936,1221
936,1292
766,1207
766,1188
766,1203
927,1093
927,1117
927,472
927,1172
927,743
927,1362
927,1254
927,1279
927,1245
927,1244
1045,319
1045,352
1045,339
1045,835
1045,1182
1045,1276
360,311
360,378
360,417
360,445
605,478
605,586
605,760
604,345
604,630
604,696
604,1134
353,585
353,587
353,544
353,629
353,549
353,659
353,790
353,975
227,492
227,564
227,577
227,687
227,799
227,792
227,751
227,808
227,866
227,194
227,781
227,973
227,961
227,555
227,1003
227,943
227,952
603,789
603,876
603,1242
603,1297
861,311
861,348
861,416
1009,176
1009,716
1009,867
1009,945
1009,949
1009,1015
1009,1041
1009,1248
1009,1265
481,709
481,825
481,930
481,1003
481,1163
585,493
585,898
585,1027
717,879
717,900
717,925
176,605
176,758
176,898
176,559
179,494
179,672
179,820
179,746
826,680
826,674
826,752
826,730
826,897
781,775
781,971
781,724
822,789
822,811
822,844
822,907
619,292
619,456
619,778
777,1004
777,1002
777,1015
1103,587
1103,432
1103,774
1103,790
625,544
625,698
625,791
625,706
625,896
191,516
191,533
191,621
191,709
191,644
191,698
733,587
733,432
733,753
733,783
733,682
733,661
733,925
733,895
733,999
733,971
733,1047
733,1144
733,1339
1135,648
1135,735
1135,853
541,551
541,670
541,640
541,901
754,323
754,599
754,748
153,953
153,1177
153,1293
456,1020
456,756
456,1116
456,1115
456,1172
456,876
456,1327
456,1342
883,110
883,75
883,100
474,293
474,1183
474,1120
474,1188
474,1143
474,1066
474,1233
474,1244
474,1245
872,1130
872,1081
872,1036
879,1049
879,1034
879,1069
1002,1105
1002,1080
1002,1082
1107,933
1107,1186
1107,1057
43,774
43,727
43,598
43,758
43,844
43,754
43,1014
43,1111
43,845
43,1081
43,1286
43,1358
560,1013
560,514
560,856
560,1271
560,1243
893,679
893,709
893,992
1003,82
1003,84
1003,106
1003,83
908,1126
908,1012
908,1022
908,1148
908,1160
908,1159
908,1164
368,357
368,354
368,1125
307,1154
307,1353
307,1277
870,910
870,1052
870,1014
870,1167
870,1126
870,1142
870,1148
870,1280
870,1274
870,1253
870,1247
870,1250
870,1286
240,560
240,641
240,777
240,470
453,1115
453,1114
453,1117
453,1120
453,515
279,474
279,538
279,569
279,843
1025,1193
1025,1186
1025,1187
1025,1176
1025,1269
526,629
526,1214
526,1109
161,1072
161,1186
161,1222
161,1255
1162,673
1162,549
1162,757
448,380
448,542
448,938
1167,847
1167,1241
1167,972
1167,1252
1167,1250
1167,1192
571,791
571,651
571,1052
571,1255
808,422
808,680
808,453
546,516
546,543
546,570
351,589
351,779
351,763
351,661
351,740
351,973
396,973
396,1138
396,1172
910,380
910,448
910,330
910,720
1076,646
1076,613
1076,795
1076,777
492,625
492,1173
492,565
906,1038
906,1121
906,942
293,933
293,1045
293,920
170,525
170,531
170,1317
123,1066
123,1094
123,507
123,1183
31,607
31,624
31,669
31,511
582,338
582,336
582,340
73,314
73,360
73,440
156,589
156,603
156,558
156,457
156,627
156,679
156,608
156,807
156,751
1054,53
1054,50
1054,60
355,1044
355,1198
355,555
501,1356
501,1098
501,1373
948,555
948,1108
948,876
668,1049
668,1216
668,1257
1094,632
1094,470
1094,1250
6,56
6,77
6,102
129,45
129,55
129,47
358,212
358,211
358,133
818,909
818,1102
818,1078
818,1225
818,1290
834,169
834,167
834,273
549,48
549,28
549,101
1232,150
1232,181
1232,221
209,89
209,78
209,170
374,85
374,62
374,94
634,48
634,81
634,77
918,87
918,243
918,196
918,126
918,193
918,223
868,115
868,12
868,114
857,222
857,196
857,209
442,234
442,175
442,233
269,48
269,104
269,73
112,1074
112,1072
112,1111
650,112
650,102
650,79
48,95
48,81
48,83
48,77
48,173
943,1161
943,1159
943,1164
943,1162
943,1169
943,1166
943,1160
943,1167
178,1021
178,731
178,1186
178,1268
95,183
95,80
95,83
824,260
824,112
824,141
824,101
919,102
919,104
919,167
326,32
326,60
326,18
114,67
114,38
114,95
117,140
117,82
117,85
117,105
117,89
294,77
294,165
294,107
294,207
533,647
533,799
533,901
533,1032
398,123
398,129
398,114
398,25
398,244
398,97
216,243
216,167
216,208
160,274
160,281
160,279
160,216
160,278
160,298
160,256
21,190
21,12
21,118
21,127
1145,268
1145,1372
1145,262
16,244
16,108
16,74
376,83
376,239
376,247
636,93
636,78
636,236
198,185
198,52
198,15
198,28
979,183
979,229
979,88
1016,1317
1016,571
1016,481
905,272
905,206
905,433
905,135
905,180
905,126
971,408
971,707
971,773
656,35
656,158
656,139
1273,111
1273,77
1273,78
1273,83
287,171
287,89
287,149
287,77
287,25
287,97
287,138
287,85
287,152
287,94
482,257
482,255
482,218
1253,44
1253,40
1253,47
941,25
941,97
941,94
941,77
556,144
556,259
556,285
888,8
888,83
888,98
888,56
888,113
888,76
888,90
721,14
721,50
721,54
963,47
963,67
963,37
1234,90
1234,136
1234,96
613,277
613,256
613,284
32,200
32,231
32,124
32,221
32,81
32,83
32,78
32,70
32,201
651,51
651,122
651,263
651,200
651,129
651,201
859,78
859,25
859,268
859,119
400,77
400,75
400,79
400,25
115,53
115,83
115,49
115,51
115,54
115,20
193,298
193,214
193,295
193,284
193,288
193,218
193,277
193,217
193,279
193,213
193,216
193,290
661,45
661,34
661,198
439,1359
439,154
439,29
93,93
93,99
93,92
545,75
545,85
545,78
1241,995
1241,255
1241,295
1129,1154
1129,1186
1129,1305
1112,258
1112,63
1112,260
1226,84
1226,85
1226,111
1226,94
1226,95
1226,83
1226,387
981,225
981,191
981,85
981,212
181,547
181,459
181,609
316,59
316,195
316,57
316,231
140,179
140,85
140,99
126,254
126,122
126,180
1019,116
1019,66
1019,139
1019,109
1019,101
1019,112
1019,113
1019,107
1019,201
357,68
357,94
357,113
1239,234
1239,77
1239,78
1239,148
1143,266
1143,150
1143,192
649,83
649,78
649,95
649,200
649,106
649,169
649,79
961,325
961,198
961,42
1041,131
1041,123
1041,125
1041,135
1041,127
1041,126
1041,130
265,102
265,72
265,24
265,108
265,112
265,79
512,28
512,102
512,35
512,197
772,155
772,114
772,74
406,180
406,87
406,223
406,291
406,196
406,221
406,156
406,22
406,220
205,16
205,203
205,74
692,239
692,132
692,273
570,55
570,147
570,45
336,11
336,195
336,146
336,150
466,1126
466,1147
466,1331
917,167
917,84
917,93
72,13
72,102
72,226
72,106
22,185
22,42
22,196
509,242
509,222
509,151
594,99
594,75
594,106
305,214
305,257
305,215
992,142
992,101
992,113
104,512
104,1112
104,1067
1131,10
1131,27
1131,32
965,139
965,116
965,35
580,8
580,56
580,58
993,201
993,119
993,112
363,1060
363,1048
363,1044
363,1106
363,1338
1245,217
1245,249
1245,256
423,93
423,77
423,115
1218,200
1218,203
1218,94
268,169
268,85
268,77
268,74
1040,362
1040,367
1040,444
1040,476
1040,437
1040,599
1040,842
1040,773
1040,990
1093,797
1093,513
1093,310
587,549
587,774
587,656
587,740
587,928
299,656
299,1059
299,1348
299,1269
119,538
119,1349
119,706
218,772
218,714
218,939
218,643
218,866
218,862
218,896
218,732
218,925
218,859
218,950
218,964
218,984
218,990
218,1052
218,1070
218,1094
218,1168
218,1175
218,1165
218,1221
218,1197
218,1264
218,1274
219,824
219,764
219,831
219,840
219,785
219,628
219,819
219,857
219,655
219,656
219,721
952,577
952,675
952,902
952,308
952,1113
1181,808
1181,1179
1181,1351
301,532
301,565
301,516
301,558
301,575
301,828
301,625
301,681
301,646
745,101
745,203
745,92
139,345
139,1231
139,1238
139,1215
139,1290
139,1291
1186,774
1186,842
1186,706
1186,791
1186,819
1186,735
633,573
633,771
633,759
633,563
633,608
833,373
833,431
833,500
162,536
162,560
162,552
162,716
162,795
162,926
162,912
162,977
162,846
162,1339
437,329
437,605
437,698
437,711
437,728
437,370
437,943
437,849
437,1023
75,374
75,568
75,553
75,895
75,1067
75,1267
180,357
180,688
180,931
180,1046
180,1101
180,1194
180,1192
283,287
283,301
283,289
283,309
283,409
283,904
283,856
283,1126
158,741
158,870
158,539
212,248
212,469
212,675
212,855
212,722
212,555
212,931
289,622
289,670
289,652
809,323
809,324
809,415
809,547
809,636
809,700
809,893
809,555
810,581
810,545
810,793
810,662
810,767
810,919
810,755
810,724
810,844
810,993
810,988
810,1062
810,987
810,1186
810,1187
810,1075
810,910
810,908
810,1274
810,1292
810,1300
810,1278
810,1246
810,1203
720,1317
720,883
720,901
720,1196
494,548
494,681
494,944
494,1117
494,1259
241,516
241,680
241,775
241,825
241,833
241,896
241,766
241,1327
782,573
782,698
782,306
782,923
782,1195
782,1194
558,335
558,341
558,388
558,376
558,377
558,379
558,436
558,442
558,477
558,501
558,498
558,483
558,538
558,457
558,717
558,764
558,749
558,697
558,734
558,991
558,1316
558,784
558,993
558,1016
558,1018
558,1017
558,1051
558,1097
558,1134
558,1160
558,1351
1237,1027
1237,1154
1237,1196
1237,1256
1172,328
1172,321
1172,347
1172,365
1172,378
1172,371
1172,452
1172,482
1172,386
1172,540
1172,560
1172,638
1172,644
1172,915
1172,307
1172,1064
1172,1059
1144,459
1144,687
1144,702
1144,803
1144,770
1144,719
1144,471
1144,649
1144,991
1144,913
1144,1054
1144,975
1144,1155
1105,564
1105,355
1105,1356
402,732
402,1301
402,1334
792,335
792,640
792,1063
792,1246
562,694
562,735
562,471
562,696
562,1316
562,555
562,945
562,1000
562,1009
562,881
562,1150
562,993
562,1197
562,845
562,1327
562,1159
562,1024
567,324
567,321
567,454
567,588
567,999
567,1100
567,1157
621,743
621,944
621,992
621,1069
621,1184
1031,350
1031,423
1031,566
1079,603
1079,825
1079,863
1079,865
1079,895
1079,1018
346,698
346,1085
346,1059
346,1110
346,1106
346,1202
752,431
752,479
752,620
752,1123
752,1369
455,580
455,568
455,459
455,657
455,751
455,779
455,746
455,945
455,1251
455,1299
470,594
470,611
470,608
470,636
470,774
470,709
470,783
470,708
470,853
470,759
470,782
470,628
470,662
470,939
470,811
470,805
470,881
470,917
470,810
470,847
470,1371
470,1363
471,594
471,611
471,608
471,636
471,774
471,709
471,783
471,708
471,853
471,759
471,782
471,628
471,662
471,939
471,811
471,805
471,881
471,917
471,810
471,847
393,381
393,411
393,436
393,476
393,474
393,808
393,966
393,517
393,498
1110,248
1110,333
1110,518
1110,1001
1158,345
1158,441
1158,479
1158,545
1158,685
1158,549
1158,732
912,320
912,337
912,529
612,841
612,903
612,998
612,721
1049,755
1049,1284
1049,1351
653,561
653,458
653,807
653,838
653,471
653,733
653,866
653,743
653,726
653,947
653,963
653,472
653,991
653,1006
653,975
653,1097
653,1137
653,1074
653,1086
653,1254
653,1243
653,1294
1026,595
1026,427
1026,439
1026,478
1026,477
1026,965
148,574
148,606
148,791
148,938
148,983
148,1005
148,1068
148,1225
148,1282
148,1324
148,1314
896,473
896,451
896,547
896,656
896,871
896,939
896,843
896,898
896,1220
896,1261
896,1271
369,587
369,1245
369,1250
681,420
681,852
681,969
681,921
1030,378
1030,409
1030,416
157,356
157,369
157,581
157,751
157,560
1102,1336
1102,338
1102,334
1102,336
1102,362
1102,419
1102,473
1102,560
1102,729
1102,885
1102,978
1102,909
1102,512
1102,1330
295,731
295,1000
295,1053
295,972
295,1246
295,1292
1261,1284
1261,1313
1261,1324
1261,1349
697,440
697,692
697,937
34,952
34,1356
34,1288
34,972
34,1324
211,864
211,1356
211,1203
446,455
446,503
446,575
446,630
446,663
446,551
446,494
446,647
446,764
446,834
446,837
446,471
446,588
446,773
446,840
446,885
446,718
446,736
446,788
446,681
446,637
446,879
446,969
446,944
446,973
446,962
1215,338
1215,858
1215,555
1215,1007
1215,1033
1215,1189
1215,1099
1215,1222
1215,1125
177,444
177,476
177,596
177,922
177,1344
894,711
894,953
894,1267
894,1312
87,289
87,442
87,443
87,641
87,782
87,415
87,898
87,495
87,914
87,642
87,1030
87,1090
87,437
87,1319
786,248
786,322
786,366
786,399
786,402
786,438
786,483
786,400
786,569
786,558
786,544
786,532
786,401
786,404
786,600
786,613
786,842
786,698
786,398
786,780
1188,590
1188,540
1188,636
1188,817
14,339
14,464
14,465
14,965
14,1002
14,564
887,717
887,852
887,496
887,1205
1067,1027
1067,1169
1067,1143
244,373
244,1092
244,1136
244,1260
389,461
389,499
389,483
389,391
389,489
389,415
389,595
389,459
389,618
389,658
389,563
389,657
389,663
389,639
389,642
389,640
389,641
389,776
389,794
389,662
389,729
389,985
389,984
389,1024
389,975
389,1094
389,1175
389,1310
609,74
609,29
609,77
1150,354
1150,724
1150,1025
1150,1101
583,533
583,511
583,926
583,941
583,1153
583,1298
987,377
987,413
987,565
987,1004
987,1224
987,1314
52,94
52,95
52,81
52,77
729,98
729,228
729,226
729,76
729,267
729,246
42,75
42,228
42,81
436,280
436,271
436,174
593,97
593,130
593,116
807,159
807,168
807,75
807,99
807,266
807,157
550,247
550,111
550,225
550,94
550,77
913,115
913,94
913,92
913,163
913,167
913,84
913,77
415,166
415,75
415,94
415,95
645,128
645,129
645,125
516,180
516,75
516,106
1149,177
1149,190
1149,122
622,168
622,224
622,252
491,99
491,154
491,204
1008,274
1008,275
1008,279
1008,285
989,237
989,262
989,269
662,122
662,225
662,211
377,110
377,77
377,94
113,1179
113,1180
113,1131
113,1303
608,80
608,84
608,75
67,193
67,191
67,159
67,125
67,129
67,157
71,101
71,167
71,185
71,282
860,105
860,24
860,102
1157,258
1157,261
1157,206
411,97
411,81
411,165
411,82
146,113
146,102
146,93
146,85
154,169
154,111
154,82
518,229
518,244
518,263
108,220
108,78
108,227
794,286
794,133
794,150
794,0
741,150
741,76
741,111
5,99
5,81
5,77
1085,186
1085,118
1085,189
1085,121
1085,188
290,230
290,217
290,216
290,213
881,703
881,832
881,723
881,829
1020,82
1020,85
1020,81
220,825
220,811
220,958
220,1014
220,1097
220,1225
1012,83
1012,204
1012,84
1012,81
186,79
186,141
186,163
186,169
950,282
950,57
950,145
768,268
768,195
768,221
972,117
972,133
972,192
972,188
972,160
972,243
972,87
51,46
51,55
51,47
682,57
682,267
682,199
682,224
127,272
127,179
127,74
1219,169
1219,234
1219,681
207,14
207,60
207,18
451,883
451,856
451,778
451,688
770,461
770,466
770,552
328,1033
328,631
328,1258
328,1373
328,1309
328,1339
328,1368
296,497
296,444
296,567
296,817
296,789
296,756
296,1185
296,1279
63,753
63,706
63,735
1163,28
1163,51
1163,24
163,231
163,224
163,211
163,220
408,339
408,368
408,309
408,650
408,437
966,356
966,570
966,1199
966,1237
354,520
354,632
354,972
354,650
354,1284
354,1314
534,292
534,299
534,338
534,327
534,383
761,358
761,393
761,500
761,526
761,566
761,837
761,628
761,896
761,918
761,1053
761,1011
723,317
723,398
723,379
1268,331
1268,853
1268,879
1268,623
1268,1029
1268,424
1268,1083
1268,1208
1268,1206
1268,1306
1268,270
795,450
795,405
795,465
897,446
897,526
897,536
897,460
897,511
897,838
897,798
897,916
978,704
978,293
978,835
978,512
978,1202
978,1234
641,663
641,642
641,808
641,789
641,690
92,299
92,843
92,918
92,878
92,944
1189,757
1189,893
1189,998
1189,619
239,233
239,115
239,211
239,117
798,478
798,537
798,704
798,917
202,660
202,679
202,676
202,494
202,636
202,794
202,785
202,699
202,939
202,991
202,756
202,966
202,555
202,1002
202,1152
202,1245
838,459
838,838
838,824
838,808
838,825
838,733
838,767
838,885
838,882
838,693
838,863
838,919
838,729
838,725
838,739
838,496
838,710
838,988
838,965
838,1089
838,1107
838,1127
838,1039
838,1138
838,1012
838,1269
838,515
838,507
838,1150
1220,343
1220,342
1220,437
1220,991
964,435
964,623
964,985
964,725
964,921
964,1004
964,980
964,1033
964,1023
964,1073
964,1099
964,1134
964,1176
738,343
738,767
738,1016
738,555
738,1018
738,1017
738,1054
738,1051
738,1014
738,1039
738,1103
738,1070
738,1142
738,1148
738,1134
121,408
121,759
121,1157
121,1263
1071,1207
1071,1217
1071,1136
1071,1233
1071,1212
1071,1304
1071,1240
1071,1261
1071,1260
1071,1242
1071,1272
1071,1250
1071,1284
1071,1358
1071,1342
1071,1310
1071,1346
36,641
36,751
36,923
36,960
36,846
173,279
173,285
173,217
173,255
173,275
173,219
173,215
173,214
173,249
173,257
173,259
173,281
173,277
173,278
173,230
200,148
200,165
200,175
171,32
171,15
171,54
928,83
928,32
928,78
635,1113
635,1174
635,1349
813,150
813,200
813,254
103,851
103,1061
103,1069
103,1199
1077,166
1077,90
1077,85
1047,55
1047,46
1047,39
1047,38
1047,387
1087,184
1087,995
1087,94
1087,95
1087,169
555,99
555,75
555,106
701,119
701,82
701,238
517,83
517,169
517,89
513,235
513,222
513,185
513,1113
514,106
514,141
514,66
134,1
134,1359
134,266
844,559
844,645
844,791
844,918
844,822
537,687
537,720
537,884
537,750
537,304
537,891
537,981
168,751
168,831
168,1024
714,604
714,740
714,1073
1240,400
1240,1347
1240,485
1240,537
1240,472
1240,765
1240,598
1240,868
1240,1068
275,1284
275,1332
275,1365
996,172
996,178
996,173
689,198
689,222
689,79
689,94
689,83
689,77
689,102
689,85
689,111
591,268
591,202
591,144
722,286
722,71
722,134
873,163
873,89
873,111
873,175
1044,163
1044,203
1044,221
856,186
856,174
856,280
142,213
142,230
142,281
1007,93
1007,79
1007,76
1007,112
1007,94
1007,25
1007,238
1059,288
1059,277
1059,219
924,295
924,288
924,290
760,295
760,290
760,288
760,265
760,216
760,259
760,255
760,274
760,214
760,215
760,298
760,219
760,257
760,275
760,213
760,217
443,97
443,25
443,166
742,26
742,58
742,48
364,119
364,4
364,200
1048,109
1048,78
1048,89
1048,234
100,78
100,165
100,163
100,112
379,78
379,172
379,154
381,17
381,52
381,18
381,15
381,13
381,53
381,20
1136,115
1136,83
1136,225
581,99
581,153
581,75
581,106
596,78
596,155
596,75
596,76
596,101
596,89
596,154
596,141
535,72
535,116
535,84
535,58
1171,114
1171,71
1171,9
1171,23
1171,60
1171,1
1171,159
252,953
252,1076
252,1351
842,101
842,169
842,111
476,276
476,273
476,240
543,152
543,153
543,254
313,264
313,197
313,133
189,1022
189,1012
189,1223
1133,1031
1133,1086
1133,1087
1133,1122
1133,1125
852,192
852,169
852,153
852,89
852,94
852,85
852,110
344,79
344,163
344,85
578,243
578,273
578,276
628,32
628,187
628,267
628,221
628,145
1174,501
1174,518
1174,553
1174,871
1174,750
933,363
933,1009
933,827
933,1303
371,169
371,81
371,234
371,264
371,186
371,433
144,506
144,1010
144,972
1216,981
1216,1267
1216,1287
281,851
281,1074
281,1240
281,1304
281,1247
828,375
828,428
828,406
828,439
828,444
828,445
828,593
828,552
828,560
828,658
828,1040
828,856
1210,1147
1210,1221
1210,1232
370,530
370,531
370,592
370,639
370,698
370,804
370,615
370,903
370,581
370,966
370,657
370,1053
370,1075
370,1074
246,849
246,799
246,1348
246,1248
246,1201
246,1305
949,471
949,1136
949,1229
1138,501
1138,601
1138,629
1138,494
1138,757
1138,776
1138,865
1138,897
1138,860
563,622
563,636
563,807
563,939
563,734
563,732
384,415
384,834
384,904
223,379
223,442
223,304
780,77
780,79
780,151
780,163
780,154
956,312
956,713
956,598
956,596
956,1134
1262,239
1262,145
1262,263
57,80
57,75
57,209
710,31
710,20
710,32
783,27
783,83
783,200
803,89
803,152
803,78
803,81
1056,572
1056,679
1056,701
1056,825
1056,840
1056,868
1056,737
1056,939
1056,1003
1056,1000
1056,1126
1056,1198
1056,1186
1056,1169
756,90
756,101
756,110
756,85
418,140
418,136
418,181
418,220
418,273
1211,106
1211,115
1211,94
1221,554
1221,577
1221,832
416,113
416,98
416,296
909,199
909,80
909,75
909,106
909,99
909,82
909,94
1154,1153
1154,1175
1154,1204
1154,1223
1154,1146
1154,1226
1154,1228
1154,1308
1154,1266
1154,1281
1154,1298
1154,1302
1154,1323
1154,1326
1154,1346
1154,1335
1155,1059
1155,1045
1155,1035
84,81
84,99
84,78
84,86
84,74
84,82
84,89
84,106
169,610
169,644
169,763
169,854
169,1006
169,1070
1140,564
1140,680
1140,675
1140,663
1140,430
1140,802
1140,471
1140,794
1140,729
1140,565
1140,1339
823,1014
823,1022
823,1020
823,1039
823,1073
823,1019
823,1036
823,1060
823,1112
823,1012
823,1116
823,1067
823,1120
823,1138
823,1175
823,507
823,515
823,724
823,1057
823,1134
823,1361
823,1197
823,1252
823,1253
823,1289
845,343
845,479
845,583
845,1004
845,1007
696,551
696,871
696,835
696,889
696,1157
54,402
54,708
54,1180
528,335
528,342
528,435
528,1286
382,287
382,351
382,415
382,471
902,417
902,449
902,475
902,438
732,822
732,880
732,1061
732,1352
1212,450
1212,670
1212,1203
1212,1329
607,855
607,884
607,934
607,812
607,982
607,1033
607,956
607,1358
444,564
444,547
444,768
444,790
444,708
444,715
444,820
432,358
432,439
432,614
432,914
432,940
840,587
840,606
840,680
840,1175
840,1355
167,210
167,1048
167,1307
409,169
409,77
409,90
409,78
319,322
319,1157
319,1174
319,1263
1187,404
1187,602
1187,826
1187,398
1187,815
1187,990
1187,1188
1187,1353
843,1272
843,1295
843,1250
843,1290
843,1297
1175,68
1175,41
1175,35
76,180
76,234
76,90
829,542
829,491
829,604
829,614
829,552
829,621
829,648
829,787
829,840
829,781
829,828
829,735
829,843
829,625
829,495
829,740
829,898
829,867
829,897
829,944
829,982
829,997
1191,423
1191,454
1191,461
1191,547
1191,762
1191,991
1191,981
1191,1050
83,33
83,32
83,14
1214,222
1214,75
1214,81
1214,106
1214,199
1083,31
1083,19
1083,32
78,129
78,133
78,253
78,203
78,228
39,529
39,747
39,505
56,362
56,500
56,502
56,564
704,908
704,910
704,1203
974,364
974,449
974,855
974,875
914,605
914,674
914,774
914,656
914,862
914,800
914,948
914,1215
332,221
332,109
332,227
332,244
332,81
332,83
332,121
332,150
332,239
332,119
339,448
339,306
339,1043
339,996
339,1356
523,263
523,209
523,266
519,79
519,81
519,78
199,597
199,1184
199,1258
199,1369
199,1203
348,499
348,502
348,1354
348,1350
904,79
904,94
904,81
904,0
1089,623
1089,1080
1089,1182
1260,173
1260,95
1260,84
1260,83
764,1043
764,305
764,924
713,82
713,165
713,95
713,81
713,83
576,211
576,234
576,94
576,95
243,229
243,135
243,286
730,53
730,65
730,14
677,160
677,123
677,99
836,196
836,212
836,433
588,15
588,18
588,60
96,261
96,85
96,258
81,31
81,167
81,222
984,258
984,261
984,156
706,275
706,277
706,255
1142,66
1142,82
1142,89
488,60
488,65
488,20
488,83
488,17
390,198
390,132
390,433
390,273
420,149
420,4
420,146
420,81
597,108
597,84
597,83
367,234
367,78
367,148
367,154
137,38
137,77
137,86
137,82
137,75
463,105
463,100
463,85
463,90
403,3
403,26
403,36
403,58
1222,85
1222,24
1222,53
1173,75
1173,78
1173,246
1080,1334
1080,56
1080,203
1088,79
1088,78
1088,83
1088,77
946,2
946,6
946,7
1185,5
1185,260
1185,101
1185,48
1122,220
1122,74
1122,88
1122,151
1122,97
1122,92
1227,79
1227,153
1227,61
853,26
853,58
853,59
817,106
817,102
817,75
817,79
817,99
817,199
631,83
631,84
631,205
410,183
410,160
410,106
410,81
410,329
511,323
511,353
511,399
164,1245
164,1253
164,1299
1272,1077
1272,1076
1272,1136
1099,445
1099,444
1099,595
994,411
994,659
994,749
994,735
994,963
74,1260
74,1244
74,1271
74,1321
791,397
791,587
791,665
791,883
791,899
791,251
791,972
957,352
957,342
957,899
957,194
79,1295
79,1322
79,1325
80,1055
80,1161
80,1188
80,1205
80,1362
80,1280
80,1283
579,894
579,1032
579,1354
101,551
101,491
101,1339
1023,1112
1023,1197
1023,1125
671,972
671,1325
671,1333
375,1013
375,1143
375,1212
375,1037
375,1307
9,334
9,341
9,332
9,381
9,370
9,445
9,486
9,666
9,703
9,657
9,847
9,1244
249,460
249,782
249,638
249,976
249,803
210,634
210,700
210,728
210,917
210,991
210,879
210,1123
882,483
882,696
882,899
882,556
882,1110
665,523
665,1268
665,1243
665,1264
665,451
665,397
395,337
395,395
395,415
395,473
395,476
395,439
395,538
395,532
395,758
395,728
395,720
395,975
395,1010
395,1186
395,1295
395,1292
395,1250
395,1358
799,604
799,550
799,708
799,819
799,870
799,1320
1072,673
1072,830
1072,1067
64,1091
64,515
64,1170
64,1210
64,1304
64,1243
64,1229
64,1280
64,1245
64,1259
64,1253
1147,1274
1147,1278
1147,1328
1148,351
1148,362
1148,392
1148,393
1148,379
1148,473
1148,480
1148,504
1148,499
1148,477
1148,516
1148,530
1148,330
1148,587
1148,890
1148,496
504,562
504,968
504,751
504,1178
280,270
280,1096
280,1340
417,1098
417,1128
417,1113
417,1133
28,1079
28,1371
28,1131
28,1216
28,1297
425,449
425,944
425,738
425,1173
69,200
69,232
69,121
419,127
419,196
419,135
419,264
4,263
4,186
4,276
1267,244
1267,263
1267,201
1267,273
659,53
659,0
659,263
659,240
705,252
705,186
705,263
342,239
342,283
342,263
708,180
708,200
708,221
708,167
973,82
973,81
973,153
41,169
41,111
41,234
1057,25
1057,47
1057,56
1235,221
1235,151
1235,78
247,271
247,242
247,276
1257,169
1257,71
1257,154
1257,89
1257,81
1257,78
333,236
333,222
333,200
383,186
383,177
383,162
383,176
68,481
68,626
68,979
68,1011
68,1175
68,1197
321,506
321,1200
321,1174
321,1245
90,477
90,500
90,688
90,1047
90,1098
1096,83
1096,296
1096,99
839,205
839,99
839,83
839,94
969,43
969,29
969,227
753,54
753,50
753,20
499,53
499,32
499,19
304,137
304,85
304,84
595,120
595,122
595,190
235,148
235,105
235,27
235,73
235,85
235,82
235,207
235,95
235,143
235,78
235,81
235,69
235,150
235,11
235,168
235,136
235,77
235,106
235,202
524,77
524,25
524,114
1225,115
1225,99
1225,114
719,94
719,76
719,102
53,249
53,216
53,265
959,21
959,20
959,19
959,49
460,122
460,132
460,103
691,237
691,161
691,269
590,114
590,9
590,25
590,83
1132,234
1132,172
1132,99
1132,93
1132,75
1098,35
1098,77
1098,89
796,83
796,75
796,78
284,52
284,83
284,32
467,94
467,102
467,126
1119,99
1119,75
1119,211
805,77
805,108
805,102
387,115
387,89
387,97
387,78
387,111
387,107
387,75
387,94
1078,137
1078,109
1078,205
1013,49
1013,13
1013,18
412,65
412,49
412,51
412,60
412,13
412,15
412,33
147,84
147,199
147,83
1,167
1,95
1,171
285,179
285,246
285,169
1207,84
1207,74
1207,99
515,85
515,122
515,167
1018,106
1018,234
1018,1341
291,168
291,41
291,167
2,63
2,1334
2,66
575,93
575,11
575,169
324,248
324,564
324,578
324,1133
324,1247
424,530
424,941
424,686
274,421
274,444
274,605
274,848
274,1178
1108,415
1108,956
1108,534
885,411
885,540
885,492
885,991
654,372
654,378
654,428
654,468
654,454
654,371
654,528
654,745
654,548
654,651
654,860
654,971
654,1189
864,1245
864,1287
864,1307
864,1355
490,641
490,892
490,1024
490,1054
490,1070
490,1191
490,1190
1199,402
1199,785
1199,922
116,617
116,666
116,808
116,857
116,863
116,938
116,780
116,754
116,805
116,1097
116,1138
116,1232
116,1272
116,1278
751,972
751,1016
751,1091
751,1227
874,510
874,789
874,1342
159,340
159,587
159,708
1075,349
1075,318
1075,374
1075,1251
1075,1293
1075,1297
1123,344
1123,365
1123,382
1123,499
1123,871
1123,900
27,1129
27,1081
27,1198
27,1188
27,1185
623,1000
623,1030
623,1158
623,1203
624,592
624,609
624,798
624,832
624,690
584,1028
584,1084
584,1108
584,1351
109,869
109,994
109,1042
109,555
109,1134
109,1105
109,1275
109,1056
858,483
858,558
858,703
858,1143
858,1229
510,415
510,410
510,488
510,473
510,456
510,532
510,467
510,522
510,530
510,543
510,380
510,584
510,523
510,559
510,607
510,707
510,807
915,418
915,409
915,698
915,786
915,588
915,734
915,306
915,689
915,1047
915,1032
915,1330
915,1339
916,342
916,358
916,388
916,379
700,1114
700,1147
700,1207
700,1156
700,1058
700,1284
700,1265
1109,436
1109,476
1109,477
1109,928
1015,617
1015,684
1015,633
1015,1352
746,344
746,342
746,647
746,1208
865,520
865,603
865,1122
865,1040
1255,614
1255,1353
1255,1294
1255,1283
1255,1288
1255,1333
502,276
502,1176
502,1086
502,1159
502,1160
502,1168
502,1065
502,1189
502,1034
502,1244
502,1265
271,850
271,938
271,991
271,1227
271,1298
461,1055
461,1050
461,1171
461,1244
461,1253
461,1322
718,1083
718,1185
718,1362
1164,871
1164,901
1164,1263
124,336
124,327
124,665
854,521
854,472
854,719
854,767
854,940
854,697
854,917
854,934
854,965
854,1001
854,987
854,1042
854,1053
854,1070
854,1089
298,1290
298,1307
298,1337
1177,386
1177,624
1177,629
1177,432
1177,824
1177,699
1177,1321
365,338
365,423
365,341
895,738
895,1105
895,1180
895,506
1137,673
1137,647
1137,636
1137,938
1137,310
1137,770
1137,681
1137,962
1137,1270
1137,1228
1213,587
1213,540
1213,1068
962,758
962,746
962,810
962,937
962,998
962,496
962,966
962,1055
740,1032
740,1248
740,1365
850,1065
850,1139
850,1267
850,1319
553,1031
553,1077
553,1147
553,1201
483,1021
483,1084
483,746
483,1019
483,1039
483,1022
483,1114
483,1119
483,1118
483,1093
483,1012
483,1183
483,1086
483,1191
483,1176
483,1156
483,1254
483,1248
831,604
831,956
831,1351
343,1092
343,1371
343,1093
343,1056
175,436
175,981
175,1193
478,587
478,629
478,654
478,820
478,1048
478,619
40,983
40,958
40,1004
40,424
40,1008
40,506
40,1078
40,1101
40,1353
40,1234
40,1287
254,538
254,434
254,557
254,608
254,674
254,767
254,669
254,1037
254,588
254,1270
1036,1220
1036,1214
1036,1123
1036,1297
1036,1322
1043,697
1043,1205
1043,1244
1043,1340
891,1074
891,1133
891,1201
1011,571
1011,576
1011,791
1011,777
1011,699
217,1106
217,1189
217,1186
217,1176
217,1175
217,1149
217,1099
217,1187
217,1125
217,1269
217,1294
1230,972
1230,1356
1230,1179
1230,1180
1230,1109
552,584
552,370
552,543
552,694
552,645
552,856
552,1050
552,1284
552,1364
221,738
221,887
221,944
221,1244
221,1331
1203,162
1203,1032
1203,1194
1203,1302
397,543
397,538
397,330
397,584
397,564
397,568
397,691
397,429
397,686
397,642
397,615
397,582
397,640
397,775
397,748
397,665
397,813
397,706
397,768
397,837
397,739
397,596
397,950
397,1273
397,1192
468,775
468,1062
468,597
468,1200
150,872
150,484
150,294
151,451
151,787
151,691
151,836
151,541
151,869
151,952
152,302
152,316
152,317
152,320
152,334
152,339
152,361
152,353
152,420
152,421
152,393
878,1109
878,1180
878,1201
1183,557
1183,1367
1183,716
1183,1366
1130,1103
1130,1371
1130,1345
464,168
464,221
464,115
901,169
901,85
901,78
785,110
785,86
785,77
500,1359
500,112
500,89
500,15
500,53
500,20
500,54
257,133
257,191
257,200
1238,286
1238,138
1238,150
222,111
222,84
222,83
222,272
1086,99
1086,31
1086,226
1086,282
1086,80
352,166
352,208
352,235
630,134
630,135
630,131
62,78
62,80
62,95
929,54
929,77
929,50
1063,93
1063,64
1063,94
1190,83
1190,80
1190,82
1190,78
821,115
821,102
821,106
821,80
1114,83
1114,165
1114,106
1114,151
1114,75
1114,95
1001,21
1001,163
1001,234
89,112
89,75
89,165
89,78
774,81
774,169
774,153
1038,78
1038,89
1038,74
1038,172
606,142
606,211
606,225
1061,108
1061,179
1061,49
195,149
195,103
195,72
195,139
195,1372
811,173
811,78
811,234
1198,52
1198,10
1198,53
975,234
975,108
975,83
627,158
627,85
627,124
505,82
505,75
505,81
1139,167
1139,88
1139,179
1118,32
1118,222
1118,169
273,279
273,265
273,256
359,212
359,156
359,208
539,77
539,83
539,31
539,60
539,54
539,15
539,65
539,52
539,20
539,33
886,3
886,89
886,113
886,111
1115,3
1115,70
1115,85
1228,198
1228,42
1228,245
496,108
496,101
496,61
727,31
727,23
727,32
727,30
900,99
900,85
900,291
208,11
208,153
208,115
208,200
473,169
473,106
473,102
473,170
473,210
980,69
980,56
980,133
980,122
980,48
744,157
744,158
744,208
263,275
263,279
263,255
8,131
8,122
8,117
450,5
450,258
450,260
450,200
20,60
20,23
20,14
20,49
77,532
77,1006
77,1068
1269,424
1269,1083
1269,1208
1269,1206
1269,1306
1269,270
1270,331
1270,853
1270,879
1270,623
1270,1029
642,802
642,900
642,921
480,7
480,2
480,6
617,15
617,33
617,52
617,54
427,211
427,87
427,200
427,236
1104,170
1104,77
1104,173
942,115
942,94
942,83
24,130
24,81
24,83
1196,279
1196,265
1196,275
762,56
762,96
762,99
762,55
1055,90
1055,81
1055,153
1055,111
337,238
337,107
337,62
337,148
337,171
337,112
337,199
532,1372
532,130
532,133
532,193
1229,178
1229,141
1229,101
55,128
55,125
55,129
548,235
548,222
548,174
903,151
903,140
903,105
903,136
194,163
194,171
194,203
194,164
194,107
25,275
25,255
25,284
626,6
626,7
626,2
954,161
954,269
954,280
954,242
